method,identity,sync,lpips,temporal_jitter
isfa,0.9901535987854004,0.9936099971178919,0.0031820839270949365,0.0063297056127339605
