{
  "methods": {
    "isfa": {
      "identity": 0.9901535987854004,
      "sync": 0.9936099971178919,
      "lpips": 0.0031820839270949365,
      "temporal_jitter": 0.0063297056127339605
    }
  },
  "notes": "Synthetic evaluation. Integrate ArcFace/SyncNet/FID for journal-grade metrics."
}